time,pos_x,pos_y,theta,distance,vel_lin,vel_ang
19:08:33,1.8729233847311082,0.9154960501830012,0.19204145920337581,2.5055831366671373e-08,0.0,0.0
